id,first_name,last_name,email,gender,job_title
1,Jordon,Attril,jattril0@earthlink.net,Male,GIS Technical Architect
2,Roarke,Loynes,rloynes1@goo.ne.jp,Male,Software Test Engineer I
3,Jayme,Tather,jtather2@mlb.com,Female,Librarian
4,Nessi,Caves,ncaves3@dmoz.org,Female,Account Executive
5,Flory,Bradnick,fbradnick4@wikia.com,Male,Actuary
6,Ellsworth,Theseira,etheseira5@icq.com,Male,Director of Sales
7,Becca,Mindenhall,bmindenhall6@time.com,Female,Dental Hygienist
8,Stinky,Newling,snewling7@businesswire.com,Male,VP Quality Control
9,Mellisent,Ferne,mferne8@plala.or.jp,Female,Sales Associate
10,Rowe,Sturr,rsturr9@newsvine.com,Bigender,Desktop Support Technician
11,Katharina,Folli,kfollia@moonfruit.com,Female,Design Engineer
12,Darryl,Copnar,dcopnarb@cocolog-nifty.com,Female,Staff Scientist
13,Hyatt,Victor,hvictorc@skyrock.com,Male,Biostatistician IV
14,Gianni,Scud,gscudd@wix.com,Male,Internal Auditor
15,Loralie,Link,llinke@printfriendly.com,Female,Payment Adjustment Coordinator
16,Beau,Ivetts,bivettsf@mediafire.com,Male,VP Marketing
17,Brantley,Chesman,bchesmang@nationalgeographic.com,Male,Marketing Assistant
18,Willard,Emblen,wemblenh@vimeo.com,Male,Quality Control Specialist
19,Malinde,Monument,mmonumenti@hhs.gov,Female,Research Assistant I
20,Shelley,Blanko,sblankoj@php.net,Female,Community Outreach Specialist
21,Jocko,McPolin,jmcpolink@ucsd.edu,Male,Chief Design Engineer
22,Stormie,Rappa,srappal@ezinearticles.com,Female,VP Marketing
23,Pammie,Baggarley,pbaggarleym@sina.com.cn,Female,Financial Advisor
24,Maren,Wandrich,mwandrichn@fastcompany.com,Female,Assistant Professor
25,Derek,Bealton,dbealtono@google.nl,Male,Product Engineer
26,Hanan,Tomaello,htomaellop@addthis.com,Male,Office Assistant IV
27,Ogdon,Heady,oheadyq@woothemes.com,Male,Librarian
28,Augusto,Durgan,adurganr@sfgate.com,Male,Research Assistant II
29,Matelda,Stathers,mstatherss@earthlink.net,Female,Senior Quality Engineer
30,Ladonna,Fredy,lfredyt@imageshack.us,Female,Executive Secretary
31,Asia,McSparran,amcsparranu@discuz.net,Female,Web Developer IV
32,Heinrik,Poyle,hpoylev@twitter.com,Male,Graphic Designer
33,Karel,Dorton,kdortonw@nationalgeographic.com,Male,Engineer I
34,Coleman,Elkington,celkingtonx@mayoclinic.com,Male,Associate Professor
35,Verile,Thacke,vthackey@lulu.com,Female,Staff Accountant III
36,Hadria,Parmley,hparmleyz@dot.gov,Female,Chemical Engineer
37,Kalila,Tesh,ktesh10@dropbox.com,Female,Paralegal
38,Marten,Bauldry,mbauldry11@cbslocal.com,Male,Computer Systems Analyst I
39,Nilson,Jensen,njensen12@sfgate.com,Genderfluid,Data Coordinator
40,Udale,Skates,uskates13@accuweather.com,Male,Automation Specialist III
41,Matthus,Braunthal,mbraunthal14@indiatimes.com,Male,Account Executive
42,Kym,Keveren,kkeveren15@miibeian.gov.cn,Female,Web Developer IV
43,Eldredge,Kmietsch,ekmietsch16@time.com,Male,Human Resources Assistant IV
44,Jonathan,Frankling,jfrankling17@webnode.com,Male,Nuclear Power Engineer
45,Xavier,Jodrellec,xjodrellec18@example.com,Male,Tax Accountant
46,Diena,Nimmo,dnimmo19@java.com,Female,Developer IV
47,Camey,Dalgarnowch,cdalgarnowch1a@yandex.ru,Male,Product Engineer
48,Rita,Cockshott,rcockshott1b@naver.com,Female,Actuary
49,Bobette,Skehens,bskehens1c@statcounter.com,Female,Accounting Assistant III
50,Leroi,Dewey,ldewey1d@utexas.edu,Male,Software Consultant
51,Milton,Iremonger,miremonger1e@unicef.org,Bigender,Payment Adjustment Coordinator
52,Nadine,O'Sculley,nosculley1f@wikispaces.com,Female,Human Resources Assistant IV
53,Dorris,Cradoc,dcradoc1g@ycombinator.com,Female,Executive Secretary
54,Jermain,Humblestone,jhumblestone1h@soundcloud.com,Male,Media Manager IV
55,Melisenda,Jurs,mjurs1i@irs.gov,Female,Sales Representative
56,Alicia,Mingauld,amingauld1j@techcrunch.com,Female,Product Engineer
57,Hendrik,Magister,hmagister1k@miibeian.gov.cn,Male,Desktop Support Technician
58,Rubina,McKillop,rmckillop1l@1und1.de,Female,Civil Engineer
59,Norby,Joiner,njoiner1m@seattletimes.com,Male,Nuclear Power Engineer
60,Bendix,Prawle,bprawle1n@nymag.com,Male,Account Executive
61,Allene,Swadlinge,aswadlinge1o@ted.com,Female,Software Consultant
62,Melony,McEvon,mmcevon1p@geocities.com,Female,Programmer Analyst III
63,Tiffy,Gadney,tgadney1q@cnet.com,Female,Operator
64,Jinny,Churchard,jchurchard1r@constantcontact.com,Female,Structural Engineer
65,Reggie,Fishenden,rfishenden1s@fda.gov,Male,Tax Accountant
66,Jammal,Sinisbury,jsinisbury1t@cbc.ca,Male,Geologist II
67,Bessy,Grogona,bgrogona1u@addthis.com,Female,Assistant Professor
68,Tonya,Shaxby,tshaxby1v@plala.or.jp,Female,Staff Scientist
69,Maria,Broadstock,mbroadstock1w@squarespace.com,Female,Graphic Designer
70,Kendal,Dainter,kdainter1x@free.fr,Male,Paralegal
71,Louie,Brazier,lbrazier1y@instagram.com,Male,Administrative Assistant I
72,Roland,Murphey,rmurphey1z@eventbrite.com,Male,Geological Engineer
73,Onofredo,Varvell,ovarvell20@exblog.jp,Male,Human Resources Assistant III
74,Brooks,Baudichon,bbaudichon21@nhs.uk,Female,Recruiter
75,Thia,Lawrence,tlawrence22@typepad.com,Female,VP Product Management
76,Demetre,Robbert,drobbert23@technorati.com,Male,Senior Quality Engineer
77,Read,Surfleet,rsurfleet24@squarespace.com,Genderqueer,Food Chemist
78,Elnore,D'Aguanno,edaguanno25@dagondesign.com,Agender,Teacher
79,Philomena,Gooda,pgooda26@prlog.org,Female,Graphic Designer
80,Katerine,Antognazzi,kantognazzi27@eventbrite.com,Female,Computer Systems Analyst I
81,Darla,Meaney,dmeaney28@parallels.com,Agender,Help Desk Operator
82,Sergent,Neighbour,sneighbour29@sfgate.com,Agender,Assistant Professor
83,Amelita,Klammt,aklammt2a@nasa.gov,Female,Nuclear Power Engineer
84,Zara,Fillis,zfillis2b@a8.net,Female,Junior Executive
85,Trudi,Doret,tdoret2c@indiatimes.com,Female,Web Designer II
86,Flossi,Fruen,ffruen2d@geocities.jp,Female,Environmental Tech
87,Kala,Gates,kgates2e@geocities.com,Female,Structural Analysis Engineer
88,Gordan,Cowope,gcowope2f@virginia.edu,Male,Web Developer I
89,Gabbey,Gummary,ggummary2g@ustream.tv,Female,Analog Circuit Design manager
90,Angela,Challin,achallin2h@liveinternet.ru,Female,Operator
91,Joey,Abramzon,jabramzon2i@shutterfly.com,Male,Director of Sales
92,Addia,Rash,arash2j@plala.or.jp,Female,Design Engineer
93,Aluin,Lindell,alindell2k@merriam-webster.com,Male,Staff Accountant II
94,Dud,Giamitti,dgiamitti2l@netlog.com,Male,General Manager
95,Franny,Ryley,fryley2m@indiatimes.com,Female,Media Manager I
96,Yurik,Eggleston,yeggleston2n@exblog.jp,Male,Quality Engineer
97,Robbie,Osmar,rosmar2o@delicious.com,Female,Staff Scientist
98,Charita,Francie,cfrancie2p@homestead.com,Female,Desktop Support Technician
99,Phip,Loyns,ployns2q@cloudflare.com,Male,Tax Accountant
100,Kathye,Zannotelli,kzannotelli2r@tripadvisor.com,Female,Legal Assistant
101,Clemente,Hesse,chesse2s@ox.ac.uk,Male,Media Manager III
102,Royall,Leacy,rleacy2t@mtv.com,Male,Marketing Manager
103,Tabbitha,Treadgall,ttreadgall2u@rambler.ru,Female,Nuclear Power Engineer
104,Hildy,Rampton,hrampton2v@prweb.com,Female,Engineer IV
105,Jessie,Slark,jslark2w@opera.com,Female,Biostatistician IV
106,Lonnard,Grimsdyke,lgrimsdyke2x@reuters.com,Male,Physical Therapy Assistant
107,Timoteo,Haw,thaw2y@accuweather.com,Male,Media Manager III
108,Consuela,Danilovich,cdanilovich2z@biblegateway.com,Non-binary,VP Product Management
109,Perry,Stillert,pstillert30@over-blog.com,Male,Clinical Specialist
110,Irvine,Habard,ihabard31@shinystat.com,Male,Payment Adjustment Coordinator
111,Lita,Alexandersson,lalexandersson32@com.com,Female,Office Assistant IV
112,Muffin,Kohring,mkohring33@wp.com,Genderqueer,VP Sales
113,Loraine,Shinn,lshinn34@google.cn,Female,Administrative Assistant II
114,Hallsy,Tallquist,htallquist35@hud.gov,Male,Geological Engineer
115,Hetti,Stoffels,hstoffels36@digg.com,Female,Quality Control Specialist
116,Andree,Bilsland,abilsland37@shareasale.com,Female,Account Representative IV
117,Gypsy,Barkhouse,gbarkhouse38@ovh.net,Female,Quality Engineer
118,Odetta,Abdy,oabdy39@intel.com,Female,Editor
119,Octavius,Burnsides,oburnsides3a@alibaba.com,Genderfluid,Nurse Practicioner
120,Ronny,Glover,rglover3b@shop-pro.jp,Male,Junior Executive
121,Ebonee,Phelipeau,ephelipeau3c@state.gov,Female,Technical Writer
122,Abbey,Morad,amorad3d@g.co,Male,Research Nurse
123,Christie,Housecroft,chousecroft3e@chron.com,Male,Budget/Accounting Analyst II
124,Belita,Twycross,btwycross3f@cam.ac.uk,Female,Account Representative III
125,Kimble,Bonsale,kbonsale3g@scientificamerican.com,Male,Information Systems Manager
126,Essa,Ondrousek,eondrousek3h@lycos.com,Female,Systems Administrator II
127,Ferdinande,Okroy,fokroy3i@opera.com,Female,Health Coach I
128,Clerc,Pawellek,cpawellek3j@360.cn,Male,Librarian
129,Joete,Purcer,jpurcer3k@buzzfeed.com,Female,Structural Engineer
130,Orv,Georger,ogeorger3l@blogger.com,Male,VP Product Management
131,Lethia,Leggott,lleggott3m@dion.ne.jp,Female,Teacher
132,Jacinda,Merigot,jmerigot3n@nasa.gov,Female,Pharmacist
133,Hubey,Rignold,hrignold3o@ezinearticles.com,Male,Pharmacist
134,Ardelis,Fassmann,afassmann3p@reference.com,Female,VP Quality Control
135,Veriee,Martyns,vmartyns3q@comcast.net,Female,Financial Analyst
136,Malinda,Boughtflower,mboughtflower3r@mysql.com,Polygender,Compensation Analyst
137,Josefa,Preene,jpreene3s@digg.com,Female,Senior Financial Analyst
138,Frankie,Colerick,fcolerick3t@squidoo.com,Non-binary,Account Executive
139,Trey,MacGillreich,tmacgillreich3u@pbs.org,Male,Geological Engineer
140,Melisent,Dowden,mdowden3v@jalbum.net,Female,Senior Editor
141,Ingmar,Poleykett,ipoleykett3w@berkeley.edu,Male,Tax Accountant
142,Stephani,Glendzer,sglendzer3x@e-recht24.de,Female,Media Manager IV
143,Nero,Birdfield,nbirdfield3y@wired.com,Male,Internal Auditor
144,Ricardo,Callen,rcallen3z@disqus.com,Male,Pharmacist
145,Yoshi,Blincko,yblincko40@mapquest.com,Female,Director of Sales
146,Gratia,Duffett,gduffett41@taobao.com,Female,Research Nurse
147,Rosalinde,Reimer,rreimer42@cbc.ca,Female,Developer III
148,Anson,Streight,astreight43@theglobeandmail.com,Male,Associate Professor
149,Kimbell,Benoi,kbenoi44@dmoz.org,Male,VP Product Management
150,Modesty,Instrell,minstrell45@kickstarter.com,Female,Web Designer IV
151,Adriena,Tunnicliffe,atunnicliffe46@samsung.com,Female,Pharmacist
152,Cleon,Donaghy,cdonaghy47@forbes.com,Male,Dental Hygienist
153,Cindi,Oaks,coaks48@nsw.gov.au,Female,VP Marketing
154,Rad,Chapiro,rchapiro49@icq.com,Male,Computer Systems Analyst III
155,Shoshanna,Yosifov,syosifov4a@ebay.co.uk,Female,Programmer I
156,Shannon,Lieb,slieb4b@indiatimes.com,Female,Business Systems Development Analyst
157,Findlay,Josland,fjosland4c@goo.ne.jp,Male,Recruiting Manager
158,Tymothy,Kenworthey,tkenworthey4d@si.edu,Bigender,Media Manager I
159,Jacquie,Bromfield,jbromfield4e@spiegel.de,Female,Cost Accountant
160,Tamar,Mathers,tmathers4f@meetup.com,Non-binary,Professor
161,Elena,Itzchaky,eitzchaky4g@amazon.com,Female,Actuary
162,Jakie,McCreagh,jmccreagh4h@taobao.com,Male,Speech Pathologist
163,Donnajean,Graver,dgraver4i@w3.org,Female,Sales Associate
164,Cayla,Folks,cfolks4j@washington.edu,Female,Programmer Analyst II
165,Shelley,Burgwyn,sburgwyn4k@ibm.com,Male,Senior Editor
166,Pennie,Tims,ptims4l@ow.ly,Female,Computer Systems Analyst I
167,Jessalin,Loidl,jloidl4m@adobe.com,Female,Web Designer II
168,Tessie,Levins,tlevins4n@dagondesign.com,Female,Marketing Assistant
169,Lexy,Cartmer,lcartmer4o@whitehouse.gov,Female,Geological Engineer
170,Edith,Noods,enoods4p@arstechnica.com,Female,Programmer III
171,Bendicty,Pitway,bpitway4q@yellowbook.com,Male,Safety Technician IV
172,Maisey,Peyto,mpeyto4r@ucsd.edu,Female,Senior Cost Accountant
173,Cosimo,Toogood,ctoogood4s@illinois.edu,Male,Web Developer IV
174,Darby,Weddell,dweddell4t@nature.com,Female,Senior Financial Analyst
175,Barrett,Emptage,bemptage4u@webmd.com,Male,Electrical Engineer
176,Chancey,Alford,calford4v@google.ru,Male,Product Engineer
177,Kareem,Yegorkin,kyegorkin4w@woothemes.com,Male,Account Coordinator
178,Norma,Niess,nniess4x@printfriendly.com,Female,Developer I
179,Crichton,Vanyard,cvanyard4y@washingtonpost.com,Male,Help Desk Operator
180,Dore,Andrini,dandrini4z@globo.com,Male,Systems Administrator I
181,Walliw,O'Doogan,wodoogan50@netlog.com,Female,Product Engineer
182,Ethelyn,Spinney,espinney51@rambler.ru,Female,Research Nurse
183,Gwyneth,Cosby,gcosby52@comcast.net,Female,Environmental Tech
184,Shaina,Philippon,sphilippon53@sitemeter.com,Female,Staff Accountant I
185,Ruth,Argent,rargent54@plala.or.jp,Female,Geologist I
186,Renae,Donaho,rdonaho55@freewebs.com,Female,Information Systems Manager
187,Maynord,Beneyto,mbeneyto56@psu.edu,Male,Account Coordinator
188,Morrie,Scally,mscally57@dell.com,Non-binary,Actuary
189,Karel,MacCague,kmaccague58@cbc.ca,Male,VP Product Management
190,Dulcinea,Kirby,dkirby59@salon.com,Female,Graphic Designer
191,Imogene,Burras,iburras5a@home.pl,Female,Accounting Assistant II
192,Ruby,Folling,rfolling5b@salon.com,Male,Associate Professor
193,Gerta,Desquesnes,gdesquesnes5c@live.com,Female,Librarian
194,Marylee,Shark,mshark5d@nhs.uk,Female,Design Engineer
195,Shayne,Brooks,sbrooks5e@hexun.com,Male,Database Administrator IV
196,Belva,Bennett,bbennett5f@hao123.com,Female,Technical Writer
197,Nefen,Paxeford,npaxeford5g@wired.com,Male,Structural Analysis Engineer
198,Dulcinea,Izaks,dizaks5h@cmu.edu,Female,Nuclear Power Engineer
199,Bertha,Haggart,bhaggart5i@ihg.com,Female,Compensation Analyst
200,Dee dee,Hughf,dhughf5j@jigsy.com,Female,Project Manager
201,Fredek,Gaiter,fgaiter5k@youtu.be,Male,Nurse Practicioner
202,Wanids,Whitland,wwhitland5l@washington.edu,Female,Structural Engineer
203,Derrek,Yansons,dyansons5m@cocolog-nifty.com,Male,Help Desk Technician
204,Ileana,Conyer,iconyer5n@amazonaws.com,Female,Research Assistant III
205,Gayel,Trebbett,gtrebbett5o@ehow.com,Female,Data Coordinator
206,Jerrie,Wrist,jwrist5p@va.gov,Female,Research Nurse
207,Maris,Ovise,movise5q@netlog.com,Female,Project Manager
208,Michaeline,Fursey,mfursey5r@networkadvertising.org,Female,Internal Auditor
209,Nathanael,Shillom,nshillom5s@wix.com,Male,Desktop Support Technician
210,Audy,Wallwood,awallwood5t@biglobe.ne.jp,Female,GIS Technical Architect
211,Anatollo,Hixley,ahixley5u@devhub.com,Male,Office Assistant IV
212,Izaak,Jaggli,ijaggli5v@theatlantic.com,Bigender,Data Coordinator
213,Brigitte,Bullion,bbullion5w@indiatimes.com,Female,Structural Engineer
214,Karylin,Balffye,kbalffye5x@narod.ru,Female,Information Systems Manager
215,Ingram,Kemery,ikemery5y@disqus.com,Male,Data Coordinator
216,Arda,Strafford,astrafford5z@meetup.com,Agender,Database Administrator I
217,Corly,Pfeiffer,cpfeiffer60@umich.edu,Female,Accounting Assistant IV
218,Jose,Ledamun,jledamun61@latimes.com,Male,Recruiting Manager
219,Vinny,Thwaites,vthwaites62@princeton.edu,Male,Health Coach I
220,Vere,Lincey,vlincey63@cafepress.com,Female,Health Coach IV
221,Leandra,Boland,lboland64@foxnews.com,Female,Human Resources Manager
222,Kaspar,Assel,kassel65@earthlink.net,Male,Teacher
223,Ware,Tapply,wtapply66@gov.uk,Male,Sales Associate
224,Sella,Backen,sbacken67@taobao.com,Female,Teacher
225,Barbey,O'dell,bodell68@clickbank.net,Female,Social Worker
226,Kristopher,Northrop,knorthrop69@cnet.com,Male,Geologist I
227,Raimundo,O'Shavlan,roshavlan6a@qq.com,Male,Software Consultant
228,Thomasin,Benedick,tbenedick6b@desdev.cn,Female,Paralegal
229,Jeannie,Matsell,jmatsell6c@dell.com,Female,Senior Cost Accountant
230,Marrissa,Fazan,mfazan6d@mysql.com,Female,Automation Specialist II
231,Franklin,Maudett,fmaudett6e@miitbeian.gov.cn,Male,Cost Accountant
232,Philippa,Ormston,pormston6f@vk.com,Genderfluid,Financial Advisor
233,Emilio,Senior,esenior6g@marriott.com,Male,Research Associate
234,Shara,Pinyon,spinyon6h@hao123.com,Female,Compensation Analyst
235,Maddy,Guilloneau,mguilloneau6i@usda.gov,Male,Business Systems Development Analyst
236,Eleonore,Keijser,ekeijser6j@quantcast.com,Female,Senior Developer
237,Virgie,Vivien,vvivien6k@lycos.com,Female,Librarian
238,Say,Diffley,sdiffley6l@yale.edu,Male,Web Developer I
239,Barnie,Petford,bpetford6m@netlog.com,Male,Engineer I
240,Estell,Celand,eceland6n@nps.gov,Genderqueer,Director of Sales
241,Inger,Asbury,iasbury6o@ask.com,Male,Programmer I
242,Alexandros,O'Canavan,aocanavan6p@w3.org,Male,Accounting Assistant IV
243,Margette,Maxwaile,mmaxwaile6q@cafepress.com,Female,Statistician III
244,Luelle,Pryce,lpryce6r@marketwatch.com,Female,Payment Adjustment Coordinator
245,Janka,Hacksby,jhacksby6s@istockphoto.com,Female,Office Assistant IV
246,Lenci,Kiely,lkiely6t@gravatar.com,Male,Nuclear Power Engineer
247,Liam,Burgisi,lburgisi6u@so-net.ne.jp,Male,Graphic Designer
248,Lucius,Nuzzetti,lnuzzetti6v@google.cn,Male,Sales Representative
249,Levey,Clearley,lclearley6w@mediafire.com,Male,Accounting Assistant II
250,Ferdinanda,Houldcroft,fhouldcroft6x@wikispaces.com,Female,Environmental Tech
251,Bar,Gingell,bgingell6y@scribd.com,Genderqueer,Human Resources Manager
252,Ulysses,Schruurs,uschruurs6z@technorati.com,Male,Geological Engineer
253,Cross,Arton,carton70@ask.com,Male,Software Test Engineer I
254,Giacinta,Adamiec,gadamiec71@skyrock.com,Female,Senior Financial Analyst
255,Elvin,Markey,emarkey72@answers.com,Male,Research Nurse
256,Ulises,Danilishin,udanilishin73@nbcnews.com,Bigender,Chief Design Engineer
257,Melony,Addionizio,maddionizio74@hp.com,Female,Administrative Assistant IV
258,Bertina,Lording,blording75@marketwatch.com,Female,Programmer IV
259,Brocky,Rentoll,brentoll76@prlog.org,Male,Community Outreach Specialist
260,Denyse,Litzmann,dlitzmann77@friendfeed.com,Female,Payment Adjustment Coordinator
261,Frank,Dimitresco,fdimitresco78@patch.com,Female,Staff Scientist
262,Parker,Driuzzi,pdriuzzi79@ning.com,Male,Senior Cost Accountant
263,Darsey,Flemmich,dflemmich7a@blogtalkradio.com,Female,Help Desk Technician
264,Vaughn,Malim,vmalim7b@va.gov,Male,Budget/Accounting Analyst III
265,Flore,Beaver,fbeaver7c@blogger.com,Female,Quality Engineer
266,Chrissy,Klas,cklas7d@ask.com,Male,Technical Writer
267,Elsworth,Awde,eawde7e@github.io,Male,Electrical Engineer
268,Benson,Cheetam,bcheetam7f@altervista.org,Male,Director of Sales
269,Randa,Draco,rdraco7g@springer.com,Female,Marketing Assistant
270,Bartholomeo,Gliddon,bgliddon7h@list-manage.com,Male,Senior Editor
271,Andee,Dimeloe,adimeloe7i@histats.com,Female,Analyst Programmer
272,Britt,Graith,bgraith7j@sciencedirect.com,Male,Librarian
273,Rufus,Busfield,rbusfield7k@eepurl.com,Male,Recruiter
274,Reagen,Bernardo,rbernardo7l@amazon.co.uk,Male,Senior Quality Engineer
275,Brander,Colpus,bcolpus7m@dailymotion.com,Male,Web Developer I
276,Maddy,Woolcocks,mwoolcocks7n@theguardian.com,Male,Geological Engineer
277,Augie,Stubbes,astubbes7o@nydailynews.com,Male,VP Product Management
278,Kathrine,De Normanville,kdenormanville7p@printfriendly.com,Female,Financial Analyst
279,Edy,Berrycloth,eberrycloth7q@google.de,Female,Social Worker
280,Opal,Chaperling,ochaperling7r@constantcontact.com,Female,Help Desk Operator
281,Bord,Bolmann,bbolmann7s@columbia.edu,Male,Physical Therapy Assistant
282,Curran,Laughrey,claughrey7t@ebay.com,Male,Clinical Specialist
283,Krystle,Dannatt,kdannatt7u@tinyurl.com,Female,Research Nurse
284,Abel,Rycroft,arycroft7v@wsj.com,Male,Electrical Engineer
285,Farra,Rodda,frodda7w@artisteer.com,Female,Administrative Assistant I
286,Alyosha,Peplay,apeplay7x@craigslist.org,Male,Structural Analysis Engineer
287,Dean,Ketteman,dketteman7y@noaa.gov,Male,Office Assistant IV
288,Pooh,Janton,pjanton7z@cocolog-nifty.com,Female,Biostatistician IV
289,Janean,Barnet,jbarnet80@1und1.de,Female,Compensation Analyst
290,Sholom,Acreman,sacreman81@123-reg.co.uk,Male,Software Test Engineer II
291,Hollie,Owbridge,howbridge82@google.cn,Female,Pharmacist
292,Reagan,Bleackley,rbleackley83@g.co,Male,Quality Engineer
293,Chevy,Taffee,ctaffee84@tuttocitta.it,Male,Project Manager
294,Gillian,Thornber,gthornber85@symantec.com,Female,Speech Pathologist
295,Lisha,Doswell,ldoswell86@nhs.uk,Female,Executive Secretary
296,Yulma,Guichard,yguichard87@hexun.com,Male,Nurse
297,Laurie,Hucks,lhucks88@google.es,Female,Account Coordinator
298,Robinet,Haddington,rhaddington89@ustream.tv,Female,Account Representative II
299,Elicia,Mingasson,emingasson8a@nhs.uk,Female,Programmer Analyst II
300,Louisette,Eminson,leminson8b@zimbio.com,Female,Software Consultant
301,Neville,Mateiko,nmateiko8c@bloomberg.com,Male,Compensation Analyst
302,Darnell,Etienne,detienne8d@businessweek.com,Male,Design Engineer
303,Lilla,Stoll,lstoll8e@paginegialle.it,Female,Computer Systems Analyst III
304,Clementine,Parradine,cparradine8f@a8.net,Female,Design Engineer
305,Osmund,Handke,ohandke8g@discuz.net,Male,Systems Administrator II
306,Tobit,Elleray,telleray8h@tinyurl.com,Male,Staff Accountant III
307,Christyna,Egarr,cegarr8i@fotki.com,Female,Nurse Practicioner
308,Stefan,Vela,svela8j@vimeo.com,Male,Sales Representative
309,Ofilia,Ladd,oladd8k@ft.com,Female,Web Developer III
310,Jolie,Gedney,jgedney8l@cbc.ca,Female,Staff Accountant III
311,Rickey,Lattimer,rlattimer8m@ustream.tv,Male,Desktop Support Technician
312,Gillian,Squibe,gsquibe8n@creativecommons.org,Female,Clinical Specialist
313,Inglis,Seamons,iseamons8o@cpanel.net,Male,Legal Assistant
314,Prue,Renneke,prenneke8p@aol.com,Female,Structural Analysis Engineer
315,Jeralee,Babe,jbabe8q@goodreads.com,Female,Structural Engineer
316,Stanfield,Bleeze,sbleeze8r@360.cn,Male,Financial Advisor
317,Morton,Arpino,marpino8s@economist.com,Male,Software Engineer III
318,Ari,Clethro,aclethro8t@usatoday.com,Male,Food Chemist
319,Danny,Farrance,dfarrance8u@dell.com,Female,Staff Scientist
320,Loralie,Stooke,lstooke8v@ifeng.com,Female,Technical Writer
321,Lisabeth,Badwick,lbadwick8w@twitter.com,Female,Structural Analysis Engineer
322,Blaire,Gomer,bgomer8x@chronoengine.com,Female,Quality Control Specialist
323,Ryan,Dutnell,rdutnell8y@businessweek.com,Male,Pharmacist
324,Stacy,Freund,sfreund8z@accuweather.com,Male,Professor
325,Lonny,Sitlington,lsitlington90@soundcloud.com,Male,Administrative Officer
326,Talia,Trulock,ttrulock91@mediafire.com,Female,Safety Technician I
327,Laurence,Comettoi,lcomettoi92@dot.gov,Male,Payment Adjustment Coordinator
328,Daisie,Fydo,dfydo93@ibm.com,Female,Project Manager
329,Daren,Leveritt,dleveritt94@yellowpages.com,Male,Social Worker
330,Hershel,Toffts,htoffts95@yolasite.com,Male,Account Representative II
331,Alison,Whittaker,awhittaker96@utexas.edu,Female,Analog Circuit Design manager
332,Courtney,McWard,cmcward97@latimes.com,Female,Structural Engineer
333,Shem,Woolsey,swoolsey98@shareasale.com,Bigender,Programmer Analyst II
334,Amanda,Eastabrook,aeastabrook99@nature.com,Female,Health Coach II
335,Zulema,Manjot,zmanjot9a@bandcamp.com,Female,Mechanical Systems Engineer
336,Phyllida,Orknay,porknay9b@gnu.org,Female,Software Engineer IV
337,Cozmo,Wissbey,cwissbey9c@umn.edu,Male,Compensation Analyst
338,Izzy,Spurgeon,ispurgeon9d@woothemes.com,Male,Social Worker
339,Donal,Macvey,dmacvey9e@squidoo.com,Male,Assistant Media Planner
340,Angelico,Place,aplace9f@kickstarter.com,Male,Project Manager
341,Jared,Ceresa,jceresa9g@joomla.org,Bigender,Developer II
342,Carlie,Sandhill,csandhill9h@technorati.com,Male,Director of Sales
343,Lanie,Trout,ltrout9i@imageshack.us,Male,Desktop Support Technician
344,Janna,Schoffler,jschoffler9j@istockphoto.com,Female,Engineer I
345,Benson,Stockall,bstockall9k@storify.com,Male,Dental Hygienist
346,Levi,Haseley,lhaseley9l@toplist.cz,Male,VP Accounting
347,Pincus,Boodle,pboodle9m@uiuc.edu,Male,Product Engineer
348,Giff,Sellors,gsellors9n@ameblo.jp,Male,Software Engineer II
349,Florette,Fluit,ffluit9o@paginegialle.it,Female,Analyst Programmer
350,Chevy,Pilmoor,cpilmoor9p@buzzfeed.com,Male,Senior Editor
351,Karina,Folbigg,kfolbigg9q@pbs.org,Female,Administrative Assistant I
352,Ervin,Wyson,ewyson9r@nymag.com,Male,Senior Developer
353,Jules,Robard,jrobard9s@rambler.ru,Bigender,Automation Specialist II
354,Janka,Windybank,jwindybank9t@nbcnews.com,Bigender,Health Coach III
355,Baxie,Sunter,bsunter9u@vinaora.com,Male,Biostatistician IV
356,Devonne,Tonna,dtonna9v@discuz.net,Female,Operator
357,Halli,Bigly,hbigly9w@altervista.org,Female,Internal Auditor
358,Rudolf,Glentworth,rglentworth9x@dropbox.com,Non-binary,Nurse Practicioner
359,Thorsten,Gian,tgian9y@hud.gov,Male,Pharmacist
360,Corliss,Stouther,cstouther9z@behance.net,Female,Executive Secretary
361,Brucie,Kauschke,bkauschkea0@elpais.com,Non-binary,Community Outreach Specialist
362,Gusella,Dincey,gdinceya1@creativecommons.org,Female,Marketing Manager
363,Granny,Osbaldeston,gosbaldestona2@typepad.com,Male,Community Outreach Specialist
364,Emory,Thirsk,ethirska3@walmart.com,Male,Senior Quality Engineer
365,Hestia,Jeune,hjeunea4@hao123.com,Female,Human Resources Assistant IV
366,Tersina,McFarland,tmcfarlanda5@redcross.org,Female,Web Designer I
367,Launce,Karet,lkareta6@quantcast.com,Male,Automation Specialist III
368,Bibi,Moakler,bmoaklera7@globo.com,Female,Accounting Assistant IV
369,Halsy,Kerslake,hkerslakea8@dyndns.org,Male,Data Coordinator
370,Anthony,Bosworth,aboswortha9@mozilla.com,Male,Structural Analysis Engineer
371,Nickolai,Charter,ncharteraa@amazon.co.uk,Male,Sales Associate
372,Balduin,Younger,byoungerab@4shared.com,Male,Environmental Tech
373,Linell,Fayre,lfayreac@illinois.edu,Genderqueer,Sales Associate
374,Rafael,Jacketts,rjackettsad@wordpress.org,Male,Quality Control Specialist
375,Frants,Haythornthwaite,fhaythornthwaiteae@craigslist.org,Male,Director of Sales
376,Winny,Fulcher,wfulcheraf@icq.com,Female,Pharmacist
377,Guilbert,Baffin,gbaffinag@sohu.com,Male,Accounting Assistant III
378,Brantley,Brennans,bbrennansah@ifeng.com,Male,Help Desk Technician
379,Isis,Dealey,idealeyai@seesaa.net,Female,Teacher
380,Darell,Edgcombe,dedgcombeaj@economist.com,Genderqueer,Media Manager I
381,Curran,Chilley,cchilleyak@tinypic.com,Male,General Manager
382,Olga,Remer,oremeral@elegantthemes.com,Female,Cost Accountant
383,Ralph,Hollow,rhollowam@springer.com,Male,Research Assistant I
384,Dorine,Topping,dtoppingan@digg.com,Female,Senior Editor
385,Laurence,Hiley,lhileyao@discovery.com,Male,Senior Developer
386,Jonas,Banfill,jbanfillap@purevolume.com,Male,Editor
387,Liam,Bourner,lbourneraq@goo.ne.jp,Male,Assistant Manager
388,Ashly,Chasmor,achasmorar@epa.gov,Genderfluid,Operator
389,Forrest,Jelphs,fjelphsas@hexun.com,Male,Structural Engineer
390,Jeanelle,Britee,jbriteeat@toplist.cz,Non-binary,Graphic Designer
391,Myer,Bilbey,mbilbeyau@businesswire.com,Male,VP Sales
392,Babita,Sherrington,bsherringtonav@cnet.com,Female,Tax Accountant
393,Emmi,Coale,ecoaleaw@columbia.edu,Female,Data Coordinator
394,Claresta,Van Arsdall,cvanarsdallax@economist.com,Female,Data Coordinator
395,Barbara,Shakelady,bshakeladyay@wisc.edu,Female,Developer II
396,Chickie,Squier,csquieraz@miibeian.gov.cn,Male,Senior Financial Analyst
397,Casey,Reeves,creevesb0@salon.com,Female,Data Coordinator
398,Elvin,Bowley,ebowleyb1@purevolume.com,Male,Assistant Manager
399,Deny,Salkeld,dsalkeldb2@shutterfly.com,Female,Help Desk Operator
400,Karlen,MacFarland,kmacfarlandb3@guardian.co.uk,Female,Editor
401,Margie,Lawfull,mlawfullb4@netvibes.com,Female,Chief Design Engineer
402,Bear,Baudinot,bbaudinotb5@smh.com.au,Male,Director of Sales
403,Paloma,O'Sherrin,posherrinb6@wix.com,Female,Information Systems Manager
404,Thorsten,Shorrock,tshorrockb7@jalbum.net,Male,Recruiting Manager
405,Fredric,Andreasen,fandreasenb8@prweb.com,Male,Structural Engineer
406,Lindsay,Wickman,lwickmanb9@marketwatch.com,Bigender,Research Nurse
407,Silvain,Hubbucke,shubbuckeba@bizjournals.com,Male,Statistician II
408,Roxine,Birch,rbirchbb@arizona.edu,Female,Web Developer III
409,Alicia,Abbatini,aabbatinibc@hc360.com,Female,Chief Design Engineer
410,Viviana,Vidler,vvidlerbd@wikia.com,Genderfluid,Account Representative II
411,Ethel,Petican,epeticanbe@nsw.gov.au,Female,Sales Representative
412,Melita,Noblet,mnobletbf@usatoday.com,Female,Professor
413,Guendolen,Wevell,gwevellbg@gmpg.org,Female,Research Assistant II
414,Jackie,Gai,jgaibh@myspace.com,Male,Analog Circuit Design manager
415,Juliana,Omond,jomondbi@arstechnica.com,Female,Junior Executive
416,Boony,Amsden,bamsdenbj@hubpages.com,Male,Administrative Officer
417,Freddy,Langer,flangerbk@liveinternet.ru,Agender,Health Coach IV
418,Ninnetta,Baty,nbatybl@wikipedia.org,Female,Business Systems Development Analyst
419,Callie,Dimmock,cdimmockbm@google.de,Female,Data Coordinator
420,Estelle,Newbury,enewburybn@merriam-webster.com,Genderfluid,Chemical Engineer
421,Tamra,Grass,tgrassbo@cnn.com,Female,Food Chemist
422,Cliff,Jaume,cjaumebp@boston.com,Male,Web Developer II
423,Eziechiele,Till,etillbq@usnews.com,Male,Operator
424,Bella,Brotherick,bbrotherickbr@smugmug.com,Female,Engineer II
425,Linnie,Toquet,ltoquetbs@time.com,Female,Account Representative II
426,Annabela,McIntee,amcinteebt@disqus.com,Female,Information Systems Manager
427,Lorrayne,Anstie,lanstiebu@4shared.com,Female,Account Representative III
428,Edmund,Dog,edogbv@newsvine.com,Male,Marketing Manager
429,Karlis,Hunnicutt,khunnicuttbw@google.it,Male,Engineer II
430,Ernest,Courage,ecouragebx@google.nl,Male,Analyst Programmer
431,Boy,Tythacott,btythacottby@google.fr,Male,Statistician I
432,Agnese,Morratt,amorrattbz@is.gd,Female,Technical Writer
433,Hester,Tewkesberrie,htewkesberriec0@devhub.com,Female,Executive Secretary
434,Noll,Fontes,nfontesc1@alexa.com,Male,Payment Adjustment Coordinator
435,Ricky,Dorricott,rdorricottc2@purevolume.com,Male,Staff Accountant III
436,Sim,Macconachy,smacconachyc3@soundcloud.com,Male,Computer Systems Analyst IV
437,Clarisse,Ridoutt,cridouttc4@parallels.com,Female,Quality Control Specialist
438,Kandace,Bartoloma,kbartolomac5@tamu.edu,Genderqueer,Structural Analysis Engineer
439,Lanie,Burgne,lburgnec6@wordpress.org,Male,Assistant Media Planner
440,Ernesto,Colby,ecolbyc7@smugmug.com,Male,Staff Accountant IV
441,Clevie,Bison,cbisonc8@squidoo.com,Male,Nuclear Power Engineer
442,Latrina,Smorthit,lsmorthitc9@google.pl,Genderqueer,Budget/Accounting Analyst III
443,Mariya,Sherrett,msherrettca@indiatimes.com,Female,Mechanical Systems Engineer
444,Barthel,Gutcher,bgutchercb@webs.com,Male,Chemical Engineer
445,Lorine,Oxborrow,loxborrowcc@ocn.ne.jp,Female,Senior Quality Engineer
446,Wallis,Drinkwater,wdrinkwatercd@tripod.com,Male,Chief Design Engineer
447,Stella,Sprade,sspradece@gmpg.org,Female,Marketing Manager
448,Jorry,Tomasicchio,jtomasicchiocf@4shared.com,Female,Statistician III
449,Galven,Johanning,gjohanningcg@usda.gov,Male,Librarian
450,Benito,Birchett,bbirchettch@dailymail.co.uk,Male,Graphic Designer
451,Lincoln,Glew,lglewci@soup.io,Male,Compensation Analyst
452,Dosi,Baulk,dbaulkcj@rediff.com,Female,General Manager
453,Filberto,Simonich,fsimonichck@youtu.be,Male,Office Assistant III
454,Idalia,Flanders,iflanderscl@ycombinator.com,Female,Software Test Engineer II
455,Gal,Goulter,ggoultercm@berkeley.edu,Male,Nuclear Power Engineer
456,Wade,Ibbett,wibbettcn@va.gov,Male,Librarian
457,Waylon,Rangle,wrangleco@google.com,Male,Assistant Manager
458,Grady,Pountain,gpountaincp@apache.org,Male,Web Developer I
459,Koren,Paulig,kpauligcq@about.me,Female,Occupational Therapist
460,Malchy,McHugh,mmchughcr@php.net,Male,Accountant IV
461,Clemmie,Whiten,cwhitencs@sogou.com,Male,VP Sales
462,Emelina,Marre,emarrect@wikipedia.org,Female,Editor
463,Meredith,Lamshead,mlamsheadcu@stanford.edu,Male,Food Chemist
464,Rice,Chmiel,rchmielcv@wp.com,Male,Nuclear Power Engineer
465,Jasmina,Stopford,jstopfordcw@sciencedirect.com,Female,Research Associate
466,Araldo,Blacktin,ablacktincx@networksolutions.com,Male,Chemical Engineer
467,Lari,Chaves,lchavescy@ask.com,Female,Analog Circuit Design manager
468,Wilie,Mallen,wmallencz@godaddy.com,Female,Professor
469,Bernie,Lessmare,blessmared0@so-net.ne.jp,Genderfluid,Marketing Assistant
470,Corly,Leere,cleered1@privacy.gov.au,Female,Senior Financial Analyst
471,Rebeca,Sirrell,rsirrelld2@toplist.cz,Female,Account Coordinator
472,Celle,Athersmith,cathersmithd3@geocities.com,Female,Quality Engineer
473,Allayne,Standley,astandleyd4@blogger.com,Male,Analyst Programmer
474,Fleming,Panchin,fpanchind5@biglobe.ne.jp,Male,Recruiter
475,Tani,Double,tdoubled6@mac.com,Bigender,Assistant Manager
476,Ambrose,Ruperto,arupertod7@fastcompany.com,Male,Research Assistant IV
477,Rogers,Heining,rheiningd8@spiegel.de,Male,Clinical Specialist
478,Melvyn,Neising,mneisingd9@engadget.com,Male,Recruiting Manager
479,Barn,Gamlyn,bgamlynda@ox.ac.uk,Male,Human Resources Assistant II
480,Stan,Placstone,splacstonedb@slate.com,Male,Nurse Practicioner
481,Rowland,Cassidy,rcassidydc@about.me,Male,VP Sales
482,Anton,Baelde,abaeldedd@nasa.gov,Male,Senior Sales Associate
483,Willem,Walcar,wwalcarde@dyndns.org,Male,Geologist III
484,Nolly,Lafond,nlafonddf@163.com,Male,Engineer II
485,Melantha,Oglevie,mogleviedg@youtube.com,Female,Software Consultant
486,Charita,Johns,cjohnsdh@i2i.jp,Female,Human Resources Assistant III
487,Spike,Bartleet,sbartleetdi@dyndns.org,Male,Human Resources Manager
488,Gale,Fowlds,gfowldsdj@pcworld.com,Genderqueer,Information Systems Manager
489,Alf,Shearn,ashearndk@umn.edu,Male,Environmental Specialist
490,Gordon,McCaig,gmccaigdl@tinyurl.com,Male,Community Outreach Specialist
491,Eugen,Plaster,eplasterdm@msu.edu,Male,Senior Developer
492,Bernetta,Milbourne,bmilbournedn@xinhuanet.com,Female,Administrative Officer
493,Killie,Jeanel,kjeaneldo@elegantthemes.com,Male,Cost Accountant
494,Erastus,Gredden,egreddendp@si.edu,Male,Geological Engineer
495,Lacy,Petchell,lpetchelldq@mayoclinic.com,Female,Marketing Manager
496,Dallis,Whittaker,dwhittakerdr@dyndns.org,Male,Recruiter
497,Gilberto,Haines,ghainesds@topsy.com,Male,Civil Engineer
498,Wolfgang,Meigh,wmeighdt@wikispaces.com,Male,Technical Writer
499,West,Howerd,whowerddu@seattletimes.com,Male,Software Test Engineer IV
500,Cullan,Counsell,ccounselldv@harvard.edu,Non-binary,Recruiter
501,Rockwell,Glozman,rglozmandw@fda.gov,Male,Actuary
502,Ilka,Donoher,idonoherdx@hhs.gov,Female,Dental Hygienist
503,Maddi,Soles,msolesdy@go.com,Female,Geological Engineer
504,Marietta,Fulks,mfulksdz@opera.com,Male,Assistant Media Planner
505,Web,Treffrey,wtreffreye0@chicagotribune.com,Non-binary,Assistant Professor
506,Englebert,Courson,ecoursone1@sakura.ne.jp,Male,Nuclear Power Engineer
507,Cassi,McIlherran,cmcilherrane2@columbia.edu,Female,Electrical Engineer
508,Nanette,William,nwilliame3@mediafire.com,Female,Community Outreach Specialist
509,Duffie,Roisen,droisene4@engadget.com,Male,Research Assistant I
510,Klement,Sibyllina,ksibyllinae5@amazon.de,Male,Sales Associate
511,Claribel,Villa,cvillae6@wikispaces.com,Female,Staff Scientist
512,Ingmar,Farbrother,ifarbrothere7@ifeng.com,Male,Payment Adjustment Coordinator
513,Candide,Benedite,cbeneditee8@zimbio.com,Agender,Account Representative III
514,Egor,Wines,ewinese9@technorati.com,Male,Engineer IV
515,Leia,Hadenton,lhadentonea@gov.uk,Female,Sales Associate
516,Beverlie,Skivington,bskivingtoneb@facebook.com,Female,Compensation Analyst
517,Meredith,Sidnall,msidnallec@vistaprint.com,Male,Biostatistician I
518,Kenton,Hughson,khughsoned@ning.com,Male,Senior Developer
519,Franklyn,Lowder,flowderee@blog.com,Male,Editor
520,Patty,England,penglandef@pcworld.com,Male,Payment Adjustment Coordinator
521,Chen,Twaite,ctwaiteeg@github.com,Male,Human Resources Manager
522,Jaimie,Lys,jlyseh@amazon.co.jp,Female,Staff Scientist
523,Grazia,MacQueen,gmacqueenei@bbb.org,Female,Quality Control Specialist
524,Hartwell,Smithyman,hsmithymanej@ibm.com,Male,Media Manager II
525,Tillie,Doumic,tdoumicek@umich.edu,Female,VP Marketing
526,Mame,Heine,mheineel@illinois.edu,Female,Dental Hygienist
527,Devonne,Pasfield,dpasfieldem@pbs.org,Female,Clinical Specialist
528,Tammie,O'Shesnan,toshesnanen@twitpic.com,Male,Chief Design Engineer
529,Freddie,Ziebart,fziebarteo@nymag.com,Male,VP Accounting
530,Storm,Kinlock,skinlockep@uiuc.edu,Female,Research Associate
531,Terence,Van den Dael,tvandendaeleq@gmpg.org,Male,Physical Therapy Assistant
532,Zahara,Byrom,zbyromer@bloglovin.com,Female,Project Manager
533,Johannes,Gorman,jgormanes@time.com,Male,Research Assistant III
534,Peggi,Agirre,pagirreet@newyorker.com,Female,Human Resources Assistant III
535,Lukas,Vicarey,lvicareyeu@nbcnews.com,Male,Senior Quality Engineer
536,Suellen,Phaup,sphaupev@sbwire.com,Female,Chemical Engineer
537,Terrill,Elldred,telldredew@theglobeandmail.com,Male,Budget/Accounting Analyst III
538,Pris,Todarini,ptodariniex@bluehost.com,Female,Database Administrator I
539,Neila,Challes,nchallesey@xing.com,Female,Librarian
540,Jerrie,Britten,jbrittenez@webmd.com,Male,Product Engineer
541,Kent,McElroy,kmcelroyf0@fastcompany.com,Male,Safety Technician II
542,Evy,Gallen,egallenf1@hc360.com,Female,VP Accounting
543,Webb,Walcher,wwalcherf2@slashdot.org,Male,Recruiter
544,Dorelia,Demongeot,ddemongeotf3@omniture.com,Genderqueer,Research Nurse
545,Kellsie,Cossington,kcossingtonf4@stanford.edu,Female,Research Associate
546,Marylynne,Woolliams,mwoolliamsf5@loc.gov,Female,Health Coach III
547,Bambie,McIsaac,bmcisaacf6@businesswire.com,Female,Legal Assistant
548,Cass,Mariette,cmariettef7@hao123.com,Female,Research Nurse
549,Bard,Minchi,bminchif8@friendfeed.com,Male,VP Product Management
550,Kale,Rubinow,krubinowf9@aboutads.info,Male,Software Engineer IV
551,Richard,Willes,rwillesfa@digg.com,Male,Office Assistant III
552,Nora,Cornu,ncornufb@tuttocitta.it,Female,Recruiter
553,Dolf,MacKill,dmackillfc@freewebs.com,Male,Senior Financial Analyst
554,Neil,Sobieski,nsobieskifd@hhs.gov,Male,Help Desk Operator
555,Elena,Attwooll,eattwoollfe@ed.gov,Female,Recruiting Manager
556,Maia,Allone,malloneff@amazonaws.com,Female,Graphic Designer
557,Albrecht,Ungerecht,aungerechtfg@vk.com,Male,Account Representative II
558,Yolane,Martill,ymartillfh@themeforest.net,Female,Editor
559,Blithe,Scoggins,bscogginsfi@paginegialle.it,Female,Senior Financial Analyst
560,Dreddy,Clappison,dclappisonfj@free.fr,Genderfluid,Account Representative III
561,Florentia,Shortan,fshortanfk@addthis.com,Female,Web Developer I
562,Samantha,Hampe,shampefl@slashdot.org,Female,Account Representative I
563,Vera,Blackleech,vblackleechfm@paginegialle.it,Female,Software Test Engineer III
564,Ravi,Jordi,rjordifn@tinypic.com,Male,Tax Accountant
565,Eberhard,Van Saltsberg,evansaltsbergfo@senate.gov,Male,Help Desk Technician
566,Alethea,Jeannesson,ajeannessonfp@yahoo.co.jp,Female,Senior Sales Associate
567,Beverley,Dunmore,bdunmorefq@zdnet.com,Female,Senior Quality Engineer
568,Dallis,Eidler,deidlerfr@salon.com,Male,Community Outreach Specialist
569,Victoir,Full,vfullfs@census.gov,Male,VP Sales
570,Karalee,Haith,khaithft@miibeian.gov.cn,Female,Actuary
571,Rabbi,Gudyer,rgudyerfu@nsw.gov.au,Male,Civil Engineer
572,Nolan,Papen,npapenfv@tuttocitta.it,Male,Executive Secretary
573,Werner,Routley,wroutleyfw@fc2.com,Male,Business Systems Development Analyst
574,Damon,Minnette,dminnettefx@sun.com,Male,Analyst Programmer
575,Randi,Bayldon,rbayldonfy@acquirethisname.com,Female,Senior Quality Engineer
576,Moore,Bilton,mbiltonfz@ibm.com,Male,Product Engineer
577,Doloritas,Della Scala,ddellascalag0@senate.gov,Female,Staff Scientist
578,Harry,Elliot,helliotg1@tamu.edu,Male,Help Desk Technician
579,Bart,O'Spellissey,bospellisseyg2@ihg.com,Male,Environmental Specialist
580,Nikolia,Burditt,nburdittg3@dailymotion.com,Female,Media Manager II
581,Jervis,Roskelley,jroskelleyg4@huffingtonpost.com,Genderfluid,Marketing Assistant
582,Anna-diana,Plessing,aplessingg5@google.com,Female,Media Manager IV
583,Jaime,Kyffin,jkyffing6@1und1.de,Male,Research Nurse
584,Selma,Karchowski,skarchowskig7@fc2.com,Female,VP Accounting
585,Araldo,Smooth,asmoothg8@hibu.com,Male,Administrative Officer
586,Donnie,O'Hartigan,dohartigang9@microsoft.com,Male,Cost Accountant
587,Gussie,Griswaite,ggriswaitega@washingtonpost.com,Female,Human Resources Assistant I
588,Seymour,Pioch,spiochgb@baidu.com,Male,Nurse Practicioner
589,Lowe,Zylbermann,lzylbermanngc@diigo.com,Male,Operator
590,Jennica,Kennett,jkennettgd@google.de,Female,Pharmacist
591,Alphard,Smeeton,asmeetonge@smugmug.com,Male,Professor
592,Judy,Searchfield,jsearchfieldgf@smh.com.au,Female,Sales Representative
593,Gerti,Dunks,gdunksgg@shareasale.com,Female,Operator
594,Ardenia,Tuerena,atuerenagh@blog.com,Female,Analyst Programmer
595,Scarlet,Radloff,sradloffgi@xinhuanet.com,Polygender,Administrative Assistant III
596,Blisse,Rogers,brogersgj@icio.us,Female,Recruiting Manager
597,Cammi,Gehrts,cgehrtsgk@scientificamerican.com,Female,Dental Hygienist
598,Janos,MacGorrie,jmacgorriegl@va.gov,Male,Actuary
599,Lucho,Scarsbrick,lscarsbrickgm@hud.gov,Male,Product Engineer
600,Darrin,Barlthrop,dbarlthropgn@unc.edu,Male,Developer I
601,Cristi,Colyer,ccolyergo@icio.us,Female,Data Coordinator
602,Hulda,Whatman,hwhatmangp@sbwire.com,Female,Web Developer IV
603,Felita,Lockey,flockeygq@prlog.org,Non-binary,Quality Control Specialist
604,Kimbell,Orta,kortagr@sitemeter.com,Male,Senior Sales Associate
605,Mil,Winthrop,mwinthropgs@nsw.gov.au,Female,Quality Control Specialist
606,Dulsea,Fearfull,dfearfullgt@answers.com,Female,VP Quality Control
607,Jeri,Outridge,joutridgegu@disqus.com,Female,Quality Engineer
608,Keeley,Bonallack,kbonallackgv@facebook.com,Female,Structural Analysis Engineer
609,Valentino,Yakovliv,vyakovlivgw@google.ca,Male,Nurse
610,Chloe,MacNeely,cmacneelygx@amazonaws.com,Female,Account Representative III
611,Mallory,Sumnall,msumnallgy@cnbc.com,Female,Recruiter
612,Verney,Coppock.,vcoppockgz@bloglines.com,Agender,Geological Engineer
613,Pat,Bolino,pbolinoh0@fastcompany.com,Female,Geological Engineer
614,Nomi,McNamara,nmcnamarah1@purevolume.com,Female,Research Assistant III
615,Lem,Straniero,lstranieroh2@blogs.com,Male,VP Quality Control
616,Brantley,Birtwistle,bbirtwistleh3@printfriendly.com,Male,Computer Systems Analyst II
617,Janessa,Lade,jladeh4@lycos.com,Female,Paralegal
618,Ingamar,Urvoy,iurvoyh5@techcrunch.com,Male,Professor
619,Morna,Schwieso,mschwiesoh6@ask.com,Female,Financial Advisor
620,Julienne,Gaudon,jgaudonh7@tinyurl.com,Agender,VP Sales
621,Joane,Elix,jelixh8@joomla.org,Female,Desktop Support Technician
622,Cob,Coltart,ccoltarth9@nbcnews.com,Male,Librarian
623,Randy,Kuhnel,rkuhnelha@cmu.edu,Agender,Quality Control Specialist
624,Omar,Kerner,okernerhb@addtoany.com,Male,Web Developer I
625,Abbey,Guinnane,aguinnanehc@cloudflare.com,Female,Statistician III
626,Barnett,Tomaello,btomaellohd@ocn.ne.jp,Male,Account Representative III
627,Rebecka,Donlon,rdonlonhe@nifty.com,Female,Assistant Manager
628,Jameson,McNalley,jmcnalleyhf@storify.com,Male,Senior Developer
629,Margalit,Kelcey,mkelceyhg@smh.com.au,Female,Internal Auditor
630,Griz,Mantram,gmantramhh@elpais.com,Male,Environmental Tech
631,Gratiana,McReynold,gmcreynoldhi@tuttocitta.it,Female,Database Administrator IV
632,Skipton,Chapleo,schapleohj@newyorker.com,Male,Staff Accountant III
633,Eleanor,Woolacott,ewoolacotthk@surveymonkey.com,Female,Electrical Engineer
634,Nikola,Laflin,nlaflinhl@biglobe.ne.jp,Male,Marketing Manager
635,Dion,Jansson,djanssonhm@google.it,Female,Financial Analyst
636,Jasper,Hawton,jhawtonhn@cdc.gov,Male,Health Coach II
637,Lazaro,Littlejohn,llittlejohnho@eepurl.com,Male,Occupational Therapist
638,Martguerita,Drache,mdrachehp@hugedomains.com,Agender,Software Consultant
639,Florida,Shadfourth,fshadfourthhq@hugedomains.com,Female,Research Assistant IV
640,Theo,Billitteri,tbillitterihr@taobao.com,Male,Teacher
641,Georgie,Oppery,gopperyhs@mozilla.org,Genderqueer,VP Product Management
642,Amos,Dullard,adullardht@about.me,Bigender,Web Designer I
643,Rodney,Aslam,raslamhu@dailymotion.com,Male,Research Nurse
644,Alikee,Hunton,ahuntonhv@mtv.com,Female,Clinical Specialist
645,Fulvia,Rycroft,frycrofthw@geocities.jp,Female,Paralegal
646,Eden,Littlejohn,elittlejohnhx@toplist.cz,Genderqueer,Database Administrator II
647,Avis,Jamison,ajamisonhy@phpbb.com,Female,Analyst Programmer
648,Denny,Wodham,dwodhamhz@pbs.org,Female,Legal Assistant
649,Doy,Mulliss,dmullissi0@marketwatch.com,Male,Account Coordinator
650,Sydney,Cashell,scashelli1@liveinternet.ru,Male,Pharmacist
651,Alisha,O'Shaughnessy,aoshaughnessyi2@chron.com,Female,Accountant III
652,Alasdair,Marczyk,amarczyki3@yale.edu,Male,Assistant Media Planner
653,Yanaton,Stephens,ystephensi4@feedburner.com,Male,Assistant Manager
654,Fiann,Gartery,fgarteryi5@tumblr.com,Female,Biostatistician III
655,Eloisa,Haliburton,ehaliburtoni6@delicious.com,Female,Database Administrator II
656,Case,Pepon,cpeponi7@ebay.co.uk,Male,Electrical Engineer
657,Barton,Mathy,bmathyi8@bbc.co.uk,Male,Librarian
658,Danice,O'Keaveny,dokeavenyi9@google.com.hk,Female,Software Test Engineer III
659,Hank,Lodovichi,hlodovichiia@behance.net,Male,Automation Specialist III
660,Evin,Cutajar,ecutajarib@macromedia.com,Male,Sales Associate
661,Aindrea,Shave,ashaveic@dion.ne.jp,Female,Sales Representative
662,Dianemarie,Hawket,dhawketid@bravesites.com,Female,Quality Engineer
663,Jasun,Dubois,jduboisie@symantec.com,Male,Software Engineer I
664,Debera,Eden,dedenif@geocities.jp,Female,Assistant Manager
665,Richard,Coste,rcosteig@tmall.com,Male,Chief Design Engineer
666,Saw,Attreed,sattreedih@rambler.ru,Male,Systems Administrator I
667,Tova,Postan,tpostanii@scribd.com,Female,Executive Secretary
668,Vance,Bleiman,vbleimanij@mtv.com,Male,Compensation Analyst
669,Knox,Spenceley,kspenceleyik@github.io,Male,Food Chemist
670,Jarib,Pitcock,jpitcockil@apache.org,Male,Geologist III
671,Jorie,Fearey,jfeareyim@abc.net.au,Female,VP Sales
672,Jordon,Crawford,jcrawfordin@mozilla.com,Male,Chemical Engineer
673,Levon,Seward,lsewardio@cargocollective.com,Male,Senior Sales Associate
674,Charlotta,Jagiela,cjagielaip@webnode.com,Female,Structural Analysis Engineer
675,Alvinia,Bellham,abellhamiq@hostgator.com,Female,Media Manager III
676,Benjy,Bettridge,bbettridgeir@gravatar.com,Male,Web Developer I
677,Hillie,Soden,hsodenis@desdev.cn,Male,Civil Engineer
678,Sherwood,Chilley,schilleyit@google.it,Male,Software Test Engineer IV
679,Kory,Viles,kvilesiu@godaddy.com,Male,Structural Analysis Engineer
680,Ophelia,McRory,omcroryiv@usda.gov,Female,Financial Advisor
681,Kelcey,Eneas,keneasiw@harvard.edu,Female,Administrative Officer
682,Ingra,Petrasso,ipetrassoix@tinypic.com,Male,Data Coordinator
683,Bevin,Schrader,bschraderiy@friendfeed.com,Male,Nuclear Power Engineer
684,Michelle,McGriele,mmcgrieleiz@imdb.com,Female,Software Engineer I
685,Ashton,Connor,aconnorj0@earthlink.net,Male,Automation Specialist II
686,Minny,Lemmertz,mlemmertzj1@dedecms.com,Female,Chemical Engineer
687,Randene,Crotty,rcrottyj2@technorati.com,Polygender,Geologist I
688,Davis,Prowting,dprowtingj3@hibu.com,Male,Senior Quality Engineer
689,Leesa,Olivia,loliviaj4@goo.ne.jp,Female,Human Resources Assistant II
690,Raul,Skunes,rskunesj5@ameblo.jp,Male,Engineer III
691,Diane,Blanchflower,dblanchflowerj6@wsj.com,Female,Account Executive
692,Rutger,Nicholas,rnicholasj7@paypal.com,Male,Data Coordinator
693,Raimund,Dimitrijevic,rdimitrijevicj8@wikispaces.com,Male,General Manager
694,Nonie,Pedycan,npedycanj9@state.gov,Genderfluid,Research Associate
695,Major,Dulanty,mdulantyja@bing.com,Male,Marketing Manager
696,Charis,McPartling,cmcpartlingjb@taobao.com,Female,Compensation Analyst
697,Tallie,Yakunikov,tyakunikovjc@photobucket.com,Female,Web Designer III
698,Hilde,Olman,holmanjd@addthis.com,Female,Account Coordinator
699,Starlin,Meert,smeertje@apache.org,Female,Payment Adjustment Coordinator
700,Terrance,Herrieven,therrievenjf@loc.gov,Male,Quality Engineer
701,Verine,Colthard,vcolthardjg@microsoft.com,Female,Product Engineer
702,Wesley,Mutlow,wmutlowjh@cargocollective.com,Male,Systems Administrator IV
703,Katie,Kirwin,kkirwinji@intel.com,Female,Cost Accountant
704,Aloisia,Creaven,acreavenjj@google.ru,Female,Geological Engineer
705,Mozelle,Knifton,mkniftonjk@bravesites.com,Female,Account Executive
706,Lynda,Stihl,lstihljl@bigcartel.com,Female,Help Desk Technician
707,Evanne,Axel,eaxeljm@nationalgeographic.com,Female,Senior Financial Analyst
708,Sibyl,Gruszecki,sgruszeckijn@forbes.com,Bigender,Sales Representative
709,Lucinda,Heel,lheeljo@dedecms.com,Female,Product Engineer
710,Gusti,Armer,garmerjp@globo.com,Agender,Nurse
711,Lizabeth,Earngy,learngyjq@hugedomains.com,Female,Mechanical Systems Engineer
712,Traci,Sparsholt,tsparsholtjr@wordpress.org,Female,Senior Financial Analyst
713,Morganica,Barff,mbarffjs@eventbrite.com,Genderfluid,Human Resources Assistant III
714,Valida,Alekhov,valekhovjt@etsy.com,Female,Mechanical Systems Engineer
715,Lucian,Stapforth,lstapforthju@themeforest.net,Male,Staff Scientist
716,Clemente,Graeser,cgraeserjv@msu.edu,Male,Research Associate
717,Mag,Clynter,mclynterjw@narod.ru,Female,Teacher
718,Lorry,Habbijam,lhabbijamjx@hibu.com,Male,Developer II
719,Freddi,Bliben,fblibenjy@si.edu,Female,General Manager
720,Pierre,Simnel,psimneljz@theglobeandmail.com,Male,Food Chemist
721,Giffie,Rein,greink0@reuters.com,Male,Junior Executive
722,Zsazsa,Estabrook,zestabrookk1@bravesites.com,Female,Help Desk Operator
723,Nissie,Brooksby,nbrooksbyk2@bigcartel.com,Female,VP Accounting
724,Bruno,Breslin,bbreslink3@yale.edu,Male,Compensation Analyst
725,Tracy,Pache,tpachek4@wikimedia.org,Male,Senior Developer
726,Tedd,Perri,tperrik5@seattletimes.com,Male,Financial Analyst
727,Jaquelin,Ahern,jahernk6@woothemes.com,Female,Quality Engineer
728,Kristos,Madle,kmadlek7@list-manage.com,Male,Account Executive
729,Pearle,Bissett,pbissettk8@histats.com,Female,Financial Analyst
730,Abigail,Cavozzi,acavozzik9@mapy.cz,Female,Senior Financial Analyst
731,Gregor,Jeanesson,gjeanessonka@alibaba.com,Male,Environmental Specialist
732,Clarita,Laughlan,claughlankb@cargocollective.com,Female,Civil Engineer
733,Bernardine,Houlson,bhoulsonkc@phpbb.com,Female,Operator
734,Vincenty,De Pietri,vdepietrikd@google.com.br,Male,Marketing Assistant
735,Noni,Gonnin,ngonninke@oracle.com,Female,Executive Secretary
736,Nikolia,Dando,ndandokf@mtv.com,Female,Marketing Manager
737,Westley,Lodwig,wlodwigkg@umich.edu,Male,Social Worker
738,Welby,Morratt,wmorrattkh@loc.gov,Male,Financial Analyst
739,Rocky,Strewther,rstrewtherki@hatena.ne.jp,Male,Payment Adjustment Coordinator
740,Ignacio,Clemenson,iclemensonkj@tumblr.com,Male,Electrical Engineer
741,Stanton,Goney,sgoneykk@google.com.hk,Male,Help Desk Technician
742,Philis,Scopyn,pscopynkl@slashdot.org,Genderqueer,Financial Analyst
743,Anderson,Antoniazzi,aantoniazzikm@irs.gov,Male,Associate Professor
744,Sax,Twitchings,stwitchingskn@home.pl,Male,Junior Executive
745,Willy,Belson,wbelsonko@zdnet.com,Male,Director of Sales
746,Jo,Safe,jsafekp@nps.gov,Male,Senior Sales Associate
747,Sylvia,Henzer,shenzerkq@ucoz.ru,Female,Staff Scientist
748,Laina,Bram,lbramkr@macromedia.com,Female,Account Executive
749,Florentia,Bartrap,fbartrapks@thetimes.co.uk,Female,Quality Engineer
750,Kellie,Fogden,kfogdenkt@jigsy.com,Female,Operator
751,Brigg,Kinch,bkinchku@adobe.com,Male,Environmental Tech
752,Holli,Dilliston,hdillistonkv@imageshack.us,Agender,Research Associate
753,Alasteir,Foucard,afoucardkw@ox.ac.uk,Male,Sales Representative
754,Janis,Grebbin,jgrebbinkx@cam.ac.uk,Female,Account Coordinator
755,Buiron,Meeks,bmeeksky@washingtonpost.com,Genderqueer,Mechanical Systems Engineer
756,Tomasine,Such,tsuchkz@dailymail.co.uk,Female,Biostatistician I
757,Brew,Gemlbett,bgemlbettl0@over-blog.com,Male,Assistant Professor
758,Conrad,Houselee,chouseleel1@noaa.gov,Male,Registered Nurse
759,Roxanna,Bloodworth,rbloodworthl2@indiegogo.com,Female,VP Sales
760,Luis,Giovannetti,lgiovannettil3@gov.uk,Male,Editor
761,Cinda,Hallyburton,challyburtonl4@sohu.com,Non-binary,Community Outreach Specialist
762,Lazare,Hallard,lhallardl5@dion.ne.jp,Male,Marketing Assistant
763,Max,Cubbino,mcubbinol6@sfgate.com,Genderqueer,Food Chemist
764,Ingram,Kellog,ikellogl7@census.gov,Male,Civil Engineer
765,Neron,Tzar,ntzarl8@netlog.com,Male,Financial Advisor
766,Melissa,Ulyat,mulyatl9@npr.org,Female,Editor
767,Avery,Giacomucci,agiacomuccila@zdnet.com,Male,Compensation Analyst
768,Ximenez,Cowdroy,xcowdroylb@booking.com,Male,Mechanical Systems Engineer
769,Sebastian,Pogson,spogsonlc@foxnews.com,Male,Senior Editor
770,Vladamir,Stebbings,vstebbingsld@hud.gov,Male,Physical Therapy Assistant
771,Maud,Jahnisch,mjahnischle@adobe.com,Agender,Civil Engineer
772,Brendin,Stubbeley,bstubbeleylf@wired.com,Male,Cost Accountant
773,Leah,Seyers,lseyerslg@mlb.com,Female,Payment Adjustment Coordinator
774,Nicolas,Raffels,nraffelslh@deviantart.com,Male,Automation Specialist III
775,Sarine,Stamp,sstampli@ihg.com,Female,Editor
776,Egan,Ofield,eofieldlj@ft.com,Male,Software Test Engineer I
777,Teodorico,Spennock,tspennocklk@gravatar.com,Male,Automation Specialist II
778,Collie,Case,ccasell@php.net,Female,Help Desk Operator
779,Nancie,Harroll,nharrolllm@angelfire.com,Female,Geologist I
780,Giavani,Shwenn,gshwennln@twitpic.com,Male,Web Designer IV
781,Breena,Le Borgne,bleborgnelo@ifeng.com,Female,Research Nurse
782,Bob,Garmey,bgarmeylp@blogs.com,Male,Information Systems Manager
783,Pierrette,Cornau,pcornaulq@webnode.com,Female,Senior Sales Associate
784,Laurence,Tenwick,ltenwicklr@indiatimes.com,Male,Quality Control Specialist
785,Riordan,Bohler,rbohlerls@wordpress.com,Male,Business Systems Development Analyst
786,Sheffield,Priestley,spriestleylt@biblegateway.com,Male,Senior Editor
787,Lev,Roskell,lroskelllu@cbslocal.com,Non-binary,Nurse
788,Karoly,Rickasse,krickasselv@reddit.com,Female,Senior Developer
789,Kathrine,Hannant,khannantlw@exblog.jp,Female,Financial Analyst
790,Rolph,Shaudfurth,rshaudfurthlx@dyndns.org,Male,Software Test Engineer IV
791,Salaidh,Drife,sdrifely@phoca.cz,Female,Business Systems Development Analyst
792,Adele,Lebond,alebondlz@geocities.jp,Female,Automation Specialist III
793,Dieter,Tomich,dtomichm0@shinystat.com,Male,Design Engineer
794,Elliott,Grayne,egraynem1@admin.ch,Male,Human Resources Assistant II
795,Erv,Ramsbottom,eramsbottomm2@netlog.com,Male,Environmental Specialist
796,Johannes,Snewin,jsnewinm3@infoseek.co.jp,Male,Analyst Programmer
797,Juli,Hampshaw,jhampshawm4@deliciousdays.com,Non-binary,Systems Administrator IV
798,Dunstan,Briton,dbritonm5@ft.com,Male,Quality Control Specialist
799,Rahal,O'Kieran,rokieranm6@cyberchimps.com,Female,Software Consultant
800,Gwynne,Downie,gdowniem7@ftc.gov,Female,Clinical Specialist
801,Charyl,Ohlsen,cohlsenm8@bbc.co.uk,Female,Office Assistant II
802,Salvatore,Grunnill,sgrunnillm9@zimbio.com,Male,Computer Systems Analyst I
803,Skyler,Biasetti,sbiasettima@wix.com,Male,Associate Professor
804,Madelina,Smithers,msmithersmb@last.fm,Female,Nuclear Power Engineer
805,Dane,Boutcher,dboutchermc@alexa.com,Male,Web Designer I
806,Seumas,Wheelwright,swheelwrightmd@symantec.com,Male,Administrative Assistant I
807,Rhys,Boone,rbooneme@wired.com,Male,Human Resources Manager
808,Ellwood,Pettecrew,epettecrewmf@jigsy.com,Male,Professor
809,Mohandis,Bugbee,mbugbeemg@scientificamerican.com,Male,Structural Analysis Engineer
810,Abramo,Biagi,abiagimh@icio.us,Male,Web Designer II
811,Bendick,Edon,bedonmi@usgs.gov,Male,Compensation Analyst
812,Alvie,Ilyas,ailyasmj@zdnet.com,Male,VP Marketing
813,Dewie,Adrain,dadrainmk@blogs.com,Male,VP Accounting
814,Gretel,Briffett,gbriffettml@pinterest.com,Female,Engineer I
815,Nichole,Risbridge,nrisbridgemm@businessinsider.com,Male,Software Engineer II
816,Adam,Cantos,acantosmn@bbc.co.uk,Male,Professor
817,Washington,Jiles,wjilesmo@a8.net,Male,Social Worker
818,Vassily,Swash,vswashmp@tmall.com,Male,Accountant IV
819,Leda,Emanulsson,lemanulssonmq@nature.com,Female,Payment Adjustment Coordinator
820,Wilhelm,Russilll,wrussilllmr@pagesperso-orange.fr,Male,Teacher
821,Christye,Ramet,crametms@ihg.com,Female,Compensation Analyst
822,Berk,Joint,bjointmt@opera.com,Male,Account Executive
823,Herculie,Schuh,hschuhmu@cnn.com,Male,Electrical Engineer
824,Orella,Durman,odurmanmv@kickstarter.com,Female,Community Outreach Specialist
825,Robby,Chillistone,rchillistonemw@nifty.com,Male,Librarian
826,Kasey,Bruno,kbrunomx@yelp.com,Female,Teacher
827,Willa,Sciacovelli,wsciacovellimy@netvibes.com,Female,Recruiting Manager
828,Bradney,Fellman,bfellmanmz@blog.com,Bigender,Senior Financial Analyst
829,Janaye,Nickels,jnickelsn0@scientificamerican.com,Female,Clinical Specialist
830,Alexis,Dorrian,adorriann1@aol.com,Female,Account Coordinator
831,Liva,Alstead,lalsteadn2@cdc.gov,Female,Marketing Manager
832,Neila,Antrum,nantrumn3@wordpress.org,Female,Speech Pathologist
833,Ansley,O'Halligan,aohalligann4@dyndns.org,Female,Food Chemist
834,Adorne,Riepel,ariepeln5@goo.gl,Female,Senior Sales Associate
835,Veriee,Al Hirsi,valhirsin6@dion.ne.jp,Female,Food Chemist
836,Jermayne,Johnys,jjohnysn7@time.com,Male,Analog Circuit Design manager
837,Parsifal,Jakeway,pjakewayn8@amazonaws.com,Male,Food Chemist
838,Mil,Orton,mortonn9@ameblo.jp,Female,Media Manager II
839,Sean,Addington,saddingtonna@livejournal.com,Female,Administrative Assistant I
840,Parsifal,Munt,pmuntnb@eventbrite.com,Agender,Analog Circuit Design manager
841,Damara,Simao,dsimaonc@dropbox.com,Bigender,Teacher
842,Neala,Pelerin,npelerinnd@washington.edu,Female,Senior Sales Associate
843,Hayes,Overell,hoverellne@photobucket.com,Male,Speech Pathologist
844,Marjorie,Gilbart,mgilbartnf@cdc.gov,Female,Actuary
845,Man,Circuitt,mcircuittng@sun.com,Male,Compensation Analyst
846,Paxton,Maplethorp,pmaplethorpnh@umn.edu,Male,Administrative Assistant IV
847,Hillary,Stanhope,hstanhopeni@vistaprint.com,Male,Compensation Analyst
848,Rodolfo,Pavlov,rpavlovnj@senate.gov,Male,Structural Engineer
849,Gratiana,Cristoferi,gcristoferink@hubpages.com,Female,Recruiter
850,Cosme,Dyka,cdykanl@meetup.com,Male,Actuary
851,Jacquelin,Burlingame,jburlingamenm@loc.gov,Female,Desktop Support Technician
852,Rachelle,Henstone,rhenstonenn@twitpic.com,Female,Civil Engineer
853,Jonathan,Harmant,jharmantno@miibeian.gov.cn,Male,Human Resources Assistant III
854,Carmine,Baudinot,cbaudinotnp@indiegogo.com,Male,Design Engineer
855,Roseann,Wynne,rwynnenq@com.com,Female,Occupational Therapist
856,Sharleen,Artharg,sarthargnr@feedburner.com,Female,Human Resources Assistant II
857,Cherin,Buie,cbuiens@oracle.com,Polygender,Automation Specialist IV
858,Ernst,Trazzi,etrazzint@technorati.com,Male,Environmental Specialist
859,Gratia,Moutray Read,gmoutrayreadnu@furl.net,Female,Compensation Analyst
860,Rockey,Croome,rcroomenv@nymag.com,Male,VP Product Management
861,Prisca,Sunderland,psunderlandnw@soup.io,Female,Chemical Engineer
862,Jayne,Oliveti,jolivetinx@a8.net,Female,Account Executive
863,Tammie,Katz,tkatzny@drupal.org,Female,Safety Technician I
864,Lilian,Fish,lfishnz@va.gov,Female,Senior Editor
865,Thomasine,Gorner,tgornero0@webmd.com,Female,Sales Representative
866,Benton,Smelley,bsmelleyo1@1688.com,Male,Graphic Designer
867,Marilyn,Keilty,mkeiltyo2@tumblr.com,Female,Recruiting Manager
868,Florence,Owthwaite,fowthwaiteo3@go.com,Female,Systems Administrator IV
869,Coop,Bartzen,cbartzeno4@slashdot.org,Male,Payment Adjustment Coordinator
870,Melony,Santen,msanteno5@amazon.co.jp,Female,Editor
871,Caspar,Jesson,cjessono6@jimdo.com,Male,Analyst Programmer
872,Tailor,Brellin,tbrellino7@hao123.com,Male,Food Chemist
873,Garold,Kesby,gkesbyo8@google.ca,Male,VP Product Management
874,Letizia,Taffie,ltaffieo9@berkeley.edu,Female,Engineer III
875,Duke,Sealand,dsealandoa@amazon.co.jp,Male,Social Worker
876,Ingaberg,Maddie,imaddieob@nifty.com,Female,Dental Hygienist
877,Reeta,Coenraets,rcoenraetsoc@tripod.com,Female,Computer Systems Analyst III
878,Peri,Nowakowska,pnowakowskaod@goodreads.com,Female,Administrative Officer
879,Thekla,Readman,treadmanoe@mozilla.com,Female,Computer Systems Analyst II
880,Perri,Magog,pmagogof@nbcnews.com,Female,Media Manager I
881,Irene,Waliszek,iwaliszekog@vinaora.com,Female,Internal Auditor
882,Livvie,Bennough,lbennoughoh@woothemes.com,Female,VP Sales
883,Lorna,Grzelczyk,lgrzelczykoi@pbs.org,Female,Teacher
884,Jessey,Patsall,jpatsalloj@thetimes.co.uk,Male,Staff Scientist
885,Hillery,Clemence,hclemenceok@mayoclinic.com,Male,Technical Writer
886,Jack,Butt Gow,jbuttgowol@cnn.com,Male,Chief Design Engineer
887,Clo,Tosspell,ctosspellom@abc.net.au,Female,Marketing Assistant
888,Rachel,Iacovacci,riacovaccion@go.com,Female,GIS Technical Architect
889,Reena,Giametti,rgiamettioo@reddit.com,Female,Teacher
890,Kristine,Pashan,kpashanop@ocn.ne.jp,Female,Help Desk Operator
891,Georgetta,Norris,gnorrisoq@trellian.com,Female,Dental Hygienist
892,Reta,Jancik,rjancikor@sina.com.cn,Female,Chief Design Engineer
893,Melicent,Mussotti,mmussottios@skyrock.com,Female,Assistant Manager
894,Yetty,Eyton,yeytonot@themeforest.net,Female,VP Quality Control
895,Maryanne,Hullins,mhullinsou@ifeng.com,Non-binary,Web Designer III
896,Eliot,Wagge,ewaggeov@adobe.com,Male,Information Systems Manager
897,Jackie,Beneix,jbeneixow@nationalgeographic.com,Male,Food Chemist
898,Kirsten,Kenington,kkeningtonox@google.cn,Bigender,Sales Representative
899,Georgeanne,Mapowder,gmapowderoy@squidoo.com,Female,Food Chemist
900,Tailor,Laughlan,tlaughlanoz@wufoo.com,Male,Paralegal
901,Shepherd,Wilds,swildsp0@flickr.com,Male,Pharmacist
902,Keene,Thew,kthewp1@mac.com,Male,Account Executive
903,Terri,Blaise,tblaisep2@apple.com,Female,GIS Technical Architect
904,Clemente,McDoual,cmcdoualp3@sakura.ne.jp,Male,Senior Quality Engineer
905,Traver,Goering,tgoeringp4@apache.org,Male,Community Outreach Specialist
906,Esme,Ship,eshipp5@bloomberg.com,Male,Staff Scientist
907,Justen,MacConnel,jmacconnelp6@guardian.co.uk,Male,Registered Nurse
908,Giorgia,Ovise,govisep7@godaddy.com,Female,Research Assistant III
909,Ricardo,Jurkiewicz,rjurkiewiczp8@dailymail.co.uk,Male,Developer I
910,Jenny,Botwood,jbotwoodp9@narod.ru,Female,Internal Auditor
911,Gabi,Hauxley,ghauxleypa@ameblo.jp,Female,Computer Systems Analyst III
912,Elsi,Pettisall,epettisallpb@zimbio.com,Female,Community Outreach Specialist
913,Lexine,Toolin,ltoolinpc@angelfire.com,Female,Clinical Specialist
914,Felicity,Whittington,fwhittingtonpd@zimbio.com,Female,Electrical Engineer
915,Taryn,O'Curran,tocurranpe@uiuc.edu,Female,Assistant Professor
916,Giorgi,Olver,golverpf@delicious.com,Male,Programmer III
917,Maynard,Bolingbroke,mbolingbrokepg@virginia.edu,Male,Systems Administrator I
918,Chickie,Phateplace,cphateplaceph@slate.com,Non-binary,Desktop Support Technician
919,Celle,Gentil,cgentilpi@seattletimes.com,Female,Electrical Engineer
920,Pete,Joddens,pjoddenspj@hp.com,Male,Research Associate
921,Roz,Bonder,rbonderpk@sitemeter.com,Genderqueer,Design Engineer
922,Gianna,Offord,goffordpl@stanford.edu,Female,Developer I
923,Pablo,Stennard,pstennardpm@squidoo.com,Male,Research Nurse
924,Scottie,Batters,sbatterspn@infoseek.co.jp,Male,Software Engineer I
925,Terrel,Johansson,tjohanssonpo@tuttocitta.it,Male,Recruiting Manager
926,Keith,Heaton,kheatonpp@businessinsider.com,Male,Human Resources Manager
927,Brett,Hustler,bhustlerpq@shareasale.com,Male,Analog Circuit Design manager
928,Fee,Gaffey,fgaffeypr@walmart.com,Male,Electrical Engineer
929,Ware,Yglesia,wyglesiaps@de.vu,Bigender,Sales Representative
930,Joane,Mursell,jmursellpt@storify.com,Female,Systems Administrator II
931,Electra,Hunting,ehuntingpu@scribd.com,Female,Actuary
932,Neill,Golledge,ngolledgepv@admin.ch,Male,Dental Hygienist
933,El,MacGeaney,emacgeaneypw@sun.com,Polygender,Budget/Accounting Analyst I
934,Niven,Swaffer,nswafferpx@china.com.cn,Male,Community Outreach Specialist
935,Joella,Kissick,jkissickpy@virginia.edu,Agender,Speech Pathologist
936,Nealy,Blackaller,nblackallerpz@webnode.com,Male,Accounting Assistant I
937,Ema,De Anesy,edeanesyq0@disqus.com,Female,Staff Scientist
938,Gwenneth,Loft,gloftq1@networksolutions.com,Female,Account Executive
939,Meier,Lassey,mlasseyq2@ox.ac.uk,Male,Nurse
940,Killy,McTrustey,kmctrusteyq3@example.com,Male,Staff Accountant I
941,Matilde,Hastler,mhastlerq4@mac.com,Female,Health Coach IV
942,Darb,Izhaky,dizhakyq5@deviantart.com,Female,Geologist I
943,Monah,Lamerton,mlamertonq6@ftc.gov,Female,Help Desk Operator
944,Gerhardt,Byrcher,gbyrcherq7@opera.com,Male,Associate Professor
945,Shellie,Damerell,sdamerellq8@vistaprint.com,Genderqueer,Business Systems Development Analyst
946,Hali,Trevaskiss,htrevaskissq9@bloglines.com,Female,Web Designer I
947,Leigh,Saffill,lsaffillqa@elpais.com,Non-binary,Staff Scientist
948,Mariel,Dunnan,mdunnanqb@miitbeian.gov.cn,Female,Payment Adjustment Coordinator
949,Leann,D'Ambrogio,ldambrogioqc@sciencedirect.com,Female,Biostatistician IV
950,Bobby,Wrey,bwreyqd@godaddy.com,Male,Social Worker
951,Jeanette,Moscon,jmosconqe@discuz.net,Female,Compensation Analyst
952,Iggie,Van Hove,ivanhoveqf@cargocollective.com,Male,Food Chemist
953,Baryram,Dorney,bdorneyqg@mapy.cz,Male,Legal Assistant
954,Kaycee,Spenton,kspentonqh@infoseek.co.jp,Female,Sales Representative
955,Coleman,Limming,climmingqi@hp.com,Male,Chemical Engineer
956,Michal,Jose,mjoseqj@list-manage.com,Male,Quality Control Specialist
957,Antons,Lievesley,alievesleyqk@nasa.gov,Male,Analog Circuit Design manager
958,Ansel,Garrelts,agarreltsql@ucoz.com,Male,Editor
959,Granger,Measures,gmeasuresqm@google.ru,Male,Account Representative IV
960,Iorgos,Crosskill,icrosskillqn@princeton.edu,Male,Statistician IV
961,Margaretta,Morbey,mmorbeyqo@umich.edu,Female,Senior Editor
962,Juan,Offord,joffordqp@marriott.com,Male,Help Desk Technician
963,Cathy,Hughlin,chughlinqq@mayoclinic.com,Female,Registered Nurse
964,Alphonse,Jakeway,ajakewayqr@oakley.com,Male,Senior Quality Engineer
965,Rina,Bernardy,rbernardyqs@ycombinator.com,Female,Actuary
966,Rowen,Rosenfeld,rrosenfeldqt@examiner.com,Genderqueer,Senior Quality Engineer
967,Erminie,Du Pre,eduprequ@hostgator.com,Female,Computer Systems Analyst IV
968,Harlan,Dorey,hdoreyqv@indiatimes.com,Male,Staff Scientist
969,Ives,Yeardsley,iyeardsleyqw@blogspot.com,Male,Environmental Tech
970,Kylynn,Guitt,kguittqx@blogs.com,Female,Senior Developer
971,Debor,Burchess,dburchessqy@soundcloud.com,Female,Account Executive
972,Sarena,Gregory,sgregoryqz@miitbeian.gov.cn,Female,Paralegal
973,Sadye,Sinkinson,ssinkinsonr0@dedecms.com,Female,Environmental Specialist
974,Welsh,Alloway,wallowayr1@4shared.com,Male,Product Engineer
975,Carolynn,Schwant,cschwantr2@nba.com,Female,Chemical Engineer
976,Cordey,Gilligan,cgilliganr3@live.com,Female,Budget/Accounting Analyst II
977,Ellynn,Christaeas,echristaeasr4@timesonline.co.uk,Female,Actuary
978,Chrotoem,Roelofsen,croelofsenr5@samsung.com,Male,Actuary
979,Ashia,Duckhouse,aduckhouser6@imgur.com,Female,Environmental Specialist
980,Rriocard,McLleese,rmclleeser7@vinaora.com,Male,VP Product Management
981,Reed,Clinning,rclinningr8@amazon.co.uk,Male,Executive Secretary
982,Jodie,Moreman,jmoremanr9@livejournal.com,Female,Senior Financial Analyst
983,Jacquetta,Congdon,jcongdonra@usa.gov,Genderqueer,Statistician III
984,Denise,Allington,dallingtonrb@xinhuanet.com,Female,Electrical Engineer
985,Sophronia,Avramchik,savramchikrc@google.cn,Female,Registered Nurse
986,Doralin,McDunlevy,dmcdunlevyrd@bravesites.com,Female,Design Engineer
987,Adrien,Spilsted,aspilstedre@indiatimes.com,Agender,Analyst Programmer
988,Reuben,Hultberg,rhultbergrf@list-manage.com,Male,Sales Representative
989,Avril,Tilby,atilbyrg@kickstarter.com,Female,Librarian
990,Shurwood,Esherwood,sesherwoodrh@photobucket.com,Male,Financial Advisor
991,Rodi,Fitchet,rfitchetri@telegraph.co.uk,Female,Project Manager
992,Loydie,McCue,lmccuerj@dmoz.org,Male,Occupational Therapist
993,Laina,Facer,lfacerrk@umn.edu,Female,Engineer IV
994,Hilly,Levee,hleveerl@tamu.edu,Male,Tax Accountant
995,Hillary,Volage,hvolagerm@google.es,Female,Associate Professor
996,Callean,Rangell,crangellrn@wikispaces.com,Male,Analog Circuit Design manager
997,Erna,Liddell,eliddellro@businesswire.com,Female,Senior Quality Engineer
998,Everett,Starbucke,estarbuckerp@independent.co.uk,Male,Accounting Assistant IV
999,Lissie,Kellog,lkellogrq@liveinternet.ru,Female,VP Marketing
1000,Aidan,Napoleon,anapoleonrr@homestead.com,Female,Structural Engineer
